date,route,ridership
2019-01-01,Route 1 (Centre),154833
2019-02-01,Route 1 (Centre),140170
2019-03-01,Route 1 (Centre),168013
2019-04-01,Route 1 (Centre),175375
2019-05-01,Route 1 (Centre),182972
2019-06-01,Route 1 (Centre),178899
2019-07-01,Route 1 (Centre),196334
2019-08-01,Route 1 (Centre),188052
2019-09-01,Route 1 (Centre),171879
2019-10-01,Route 1 (Centre),177412
2019-11-01,Route 1 (Centre),145191
2019-12-01,Route 1 (Centre),156549
2020-01-01,Route 1 (Centre),159302
2020-02-01,Route 1 (Centre),134973
2020-03-01,Route 1 (Centre),52537
2020-04-01,Route 1 (Centre),52931
2020-05-01,Route 1 (Centre),56845
2020-06-01,Route 1 (Centre),52691
2020-07-01,Route 1 (Centre),53827
2020-08-01,Route 1 (Centre),58763
2020-09-01,Route 1 (Centre),54527
2020-10-01,Route 1 (Centre),78457
2020-11-01,Route 1 (Centre),87385
2020-12-01,Route 1 (Centre),71083
2021-01-01,Route 1 (Centre),67367
2021-02-01,Route 1 (Centre),76901
2021-03-01,Route 1 (Centre),77997
2021-04-01,Route 1 (Centre),132597
2021-05-01,Route 1 (Centre),129137
2021-06-01,Route 1 (Centre),146502
2021-07-01,Route 1 (Centre),144134
2021-08-01,Route 1 (Centre),135356
2021-09-01,Route 1 (Centre),117425
2021-10-01,Route 1 (Centre),159966
2021-11-01,Route 1 (Centre),137689
2021-12-01,Route 1 (Centre),124987
2022-01-01,Route 1 (Centre),112886
2022-02-01,Route 1 (Centre),121075
2022-03-01,Route 1 (Centre),129010
2022-04-01,Route 1 (Centre),152506
2022-05-01,Route 1 (Centre),161653
2022-06-01,Route 1 (Centre),177360
2022-07-01,Route 1 (Centre),186126
2022-08-01,Route 1 (Centre),191424
2022-09-01,Route 1 (Centre),174376
2022-10-01,Route 1 (Centre),182096
2022-11-01,Route 1 (Centre),157882
2022-12-01,Route 1 (Centre),141984
2023-01-01,Route 1 (Centre),149329
2023-02-01,Route 1 (Centre),136703
2023-03-01,Route 1 (Centre),171365
2023-04-01,Route 1 (Centre),171676
2023-05-01,Route 1 (Centre),182546
2023-06-01,Route 1 (Centre),212738
2023-07-01,Route 1 (Centre),208600
2023-08-01,Route 1 (Centre),189274
2023-09-01,Route 1 (Centre),189209
2023-10-01,Route 1 (Centre),174315
2023-11-01,Route 1 (Centre),175412
2023-12-01,Route 1 (Centre),161502
2024-01-01,Route 1 (Centre),154928
2024-02-01,Route 1 (Centre),152342
2024-03-01,Route 1 (Centre),163493
2024-04-01,Route 1 (Centre),189933
2024-05-01,Route 1 (Centre),190826
2024-06-01,Route 1 (Centre),187603
2024-07-01,Route 1 (Centre),191781
2024-08-01,Route 1 (Centre),183314
2024-09-01,Route 1 (Centre),168841
2024-10-01,Route 1 (Centre),171272
2024-11-01,Route 1 (Centre),157535
2024-12-01,Route 1 (Centre),145138
2019-01-01,Route 2 (NE),207167
2019-02-01,Route 2 (NE),207768
2019-03-01,Route 2 (NE),221852
2019-04-01,Route 2 (NE),241819
2019-05-01,Route 2 (NE),225608
2019-06-01,Route 2 (NE),251919
2019-07-01,Route 2 (NE),243637
2019-08-01,Route 2 (NE),278178
2019-09-01,Route 2 (NE),252870
2019-10-01,Route 2 (NE),221839
2019-11-01,Route 2 (NE),193878
2019-12-01,Route 2 (NE),192290
2020-01-01,Route 2 (NE),188435
2020-02-01,Route 2 (NE),209093
2020-03-01,Route 2 (NE),65522
2020-04-01,Route 2 (NE),74290
2020-05-01,Route 2 (NE),73721
2020-06-01,Route 2 (NE),72004
2020-07-01,Route 2 (NE),82715
2020-08-01,Route 2 (NE),82025
2020-09-01,Route 2 (NE),75092
2020-10-01,Route 2 (NE),121266
2020-11-01,Route 2 (NE),106290
2020-12-01,Route 2 (NE),100577
2021-01-01,Route 2 (NE),96408
2021-02-01,Route 2 (NE),90649
2021-03-01,Route 2 (NE),98141
2021-04-01,Route 2 (NE),146098
2021-05-01,Route 2 (NE),178052
2021-06-01,Route 2 (NE),175442
2021-07-01,Route 2 (NE),185796
2021-08-01,Route 2 (NE),197125
2021-09-01,Route 2 (NE),164743
2021-10-01,Route 2 (NE),192432
2021-11-01,Route 2 (NE),190544
2021-12-01,Route 2 (NE),161296
2022-01-01,Route 2 (NE),152538
2022-02-01,Route 2 (NE),163431
2022-03-01,Route 2 (NE),169107
2022-04-01,Route 2 (NE),212995
2022-05-01,Route 2 (NE),223879
2022-06-01,Route 2 (NE),227606
2022-07-01,Route 2 (NE),285220
2022-08-01,Route 2 (NE),276746
2022-09-01,Route 2 (NE),232702
2022-10-01,Route 2 (NE),249116
2022-11-01,Route 2 (NE),215375
2022-12-01,Route 2 (NE),213404
2023-01-01,Route 2 (NE),211993
2023-02-01,Route 2 (NE),193790
2023-03-01,Route 2 (NE),197156
2023-04-01,Route 2 (NE),218629
2023-05-01,Route 2 (NE),244967
2023-06-01,Route 2 (NE),277953
2023-07-01,Route 2 (NE),285215
2023-08-01,Route 2 (NE),235640
2023-09-01,Route 2 (NE),249292
2023-10-01,Route 2 (NE),227617
2023-11-01,Route 2 (NE),202217
2023-12-01,Route 2 (NE),186126
2024-01-01,Route 2 (NE),190430
2024-02-01,Route 2 (NE),219359
2024-03-01,Route 2 (NE),206682
2024-04-01,Route 2 (NE),232540
2024-05-01,Route 2 (NE),259199
2024-06-01,Route 2 (NE),254709
2024-07-01,Route 2 (NE),291703
2024-08-01,Route 2 (NE),286164
2024-09-01,Route 2 (NE),236878
2024-10-01,Route 2 (NE),231772
2024-11-01,Route 2 (NE),205999
2024-12-01,Route 2 (NE),193156
2019-01-01,Route 3 (NW),116094
2019-02-01,Route 3 (NW),136558
2019-03-01,Route 3 (NW),130203
2019-04-01,Route 3 (NW),129948
2019-05-01,Route 3 (NW),149334
2019-06-01,Route 3 (NW),166361
2019-07-01,Route 3 (NW),170877
2019-08-01,Route 3 (NW),163065
2019-09-01,Route 3 (NW),152603
2019-10-01,Route 3 (NW),144996
2019-11-01,Route 3 (NW),135200
2019-12-01,Route 3 (NW),114412
2020-01-01,Route 3 (NW),118837
2020-02-01,Route 3 (NW),118481
2020-03-01,Route 3 (NW),42264
2020-04-01,Route 3 (NW),42830
2020-05-01,Route 3 (NW),50804
2020-06-01,Route 3 (NW),47714
2020-07-01,Route 3 (NW),52711
2020-08-01,Route 3 (NW),51623
2020-09-01,Route 3 (NW),43118
2020-10-01,Route 3 (NW),72000
2020-11-01,Route 3 (NW),69107
2020-12-01,Route 3 (NW),67049
2021-01-01,Route 3 (NW),59003
2021-02-01,Route 3 (NW),59085
2021-03-01,Route 3 (NW),69356
2021-04-01,Route 3 (NW),106971
2021-05-01,Route 3 (NW),105030
2021-06-01,Route 3 (NW),104663
2021-07-01,Route 3 (NW),126115
2021-08-01,Route 3 (NW),111564
2021-09-01,Route 3 (NW),108766
2021-10-01,Route 3 (NW),130714
2021-11-01,Route 3 (NW),117260
2021-12-01,Route 3 (NW),111587
2022-01-01,Route 3 (NW),98070
2022-02-01,Route 3 (NW),107493
2022-03-01,Route 3 (NW),117792
2022-04-01,Route 3 (NW),115911
2022-05-01,Route 3 (NW),123212
2022-06-01,Route 3 (NW),151892
2022-07-01,Route 3 (NW),166458
2022-08-01,Route 3 (NW),155236
2022-09-01,Route 3 (NW),170536
2022-10-01,Route 3 (NW),157774
2022-11-01,Route 3 (NW),135092
2022-12-01,Route 3 (NW),135244
2023-01-01,Route 3 (NW),115107
2023-02-01,Route 3 (NW),120114
2023-03-01,Route 3 (NW),138977
2023-04-01,Route 3 (NW),154498
2023-05-01,Route 3 (NW),166413
2023-06-01,Route 3 (NW),160185
2023-07-01,Route 3 (NW),179128
2023-08-01,Route 3 (NW),174823
2023-09-01,Route 3 (NW),168990
2023-10-01,Route 3 (NW),152878
2023-11-01,Route 3 (NW),138322
2023-12-01,Route 3 (NW),127910
2024-01-01,Route 3 (NW),119851
2024-02-01,Route 3 (NW),137006
2024-03-01,Route 3 (NW),146572
2024-04-01,Route 3 (NW),138512
2024-05-01,Route 3 (NW),149592
2024-06-01,Route 3 (NW),163158
2024-07-01,Route 3 (NW),164848
2024-08-01,Route 3 (NW),179869
2024-09-01,Route 3 (NW),145660
2024-10-01,Route 3 (NW),130945
2024-11-01,Route 3 (NW),133902
2024-12-01,Route 3 (NW),118027
2019-01-01,Route 4 (SE),95309
2019-02-01,Route 4 (SE),101361
2019-03-01,Route 4 (SE),103913
2019-04-01,Route 4 (SE),110412
2019-05-01,Route 4 (SE),107596
2019-06-01,Route 4 (SE),119858
2019-07-01,Route 4 (SE),119440
2019-08-01,Route 4 (SE),116850
2019-09-01,Route 4 (SE),128278
2019-10-01,Route 4 (SE),106702
2019-11-01,Route 4 (SE),108782
2019-12-01,Route 4 (SE),97390
2020-01-01,Route 4 (SE),98192
2020-02-01,Route 4 (SE),94983
2020-03-01,Route 4 (SE),30747
2020-04-01,Route 4 (SE),32693
2020-05-01,Route 4 (SE),33058
2020-06-01,Route 4 (SE),38655
2020-07-01,Route 4 (SE),36021
2020-08-01,Route 4 (SE),33498
2020-09-01,Route 4 (SE),36253
2020-10-01,Route 4 (SE),51098
2020-11-01,Route 4 (SE),54989
2020-12-01,Route 4 (SE),51862
2021-01-01,Route 4 (SE),50310
2021-02-01,Route 4 (SE),46326
2021-03-01,Route 4 (SE),45670
2021-04-01,Route 4 (SE),83110
2021-05-01,Route 4 (SE),81125
2021-06-01,Route 4 (SE),94601
2021-07-01,Route 4 (SE),96246
2021-08-01,Route 4 (SE),92665
2021-09-01,Route 4 (SE),78976
2021-10-01,Route 4 (SE),90911
2021-11-01,Route 4 (SE),92130
2021-12-01,Route 4 (SE),78023
2022-01-01,Route 4 (SE),73900
2022-02-01,Route 4 (SE),81936
2022-03-01,Route 4 (SE),93655
2022-04-01,Route 4 (SE),96793
2022-05-01,Route 4 (SE),101546
2022-06-01,Route 4 (SE),96794
2022-07-01,Route 4 (SE),128977
2022-08-01,Route 4 (SE),136038
2022-09-01,Route 4 (SE),109408
2022-10-01,Route 4 (SE),110089
2022-11-01,Route 4 (SE),109137
2022-12-01,Route 4 (SE),100067
2023-01-01,Route 4 (SE),96956
2023-02-01,Route 4 (SE),99370
2023-03-01,Route 4 (SE),98690
2023-04-01,Route 4 (SE),105263
2023-05-01,Route 4 (SE),125354
2023-06-01,Route 4 (SE),131797
2023-07-01,Route 4 (SE),135602
2023-08-01,Route 4 (SE),134401
2023-09-01,Route 4 (SE),118397
2023-10-01,Route 4 (SE),109938
2023-11-01,Route 4 (SE),107745
2023-12-01,Route 4 (SE),98529
2024-01-01,Route 4 (SE),97241
2024-02-01,Route 4 (SE),101353
2024-03-01,Route 4 (SE),109682
2024-04-01,Route 4 (SE),106450
2024-05-01,Route 4 (SE),115341
2024-06-01,Route 4 (SE),114249
2024-07-01,Route 4 (SE),128560
2024-08-01,Route 4 (SE),112843
2024-09-01,Route 4 (SE),117549
2024-10-01,Route 4 (SE),111062
2024-11-01,Route 4 (SE),97532
2024-12-01,Route 4 (SE),97591
2019-01-01,Route 5 (SW),403672
2019-02-01,Route 5 (SW),394892
2019-03-01,Route 5 (SW),444336
2019-04-01,Route 5 (SW),503832
2019-05-01,Route 5 (SW),519078
2019-06-01,Route 5 (SW),602347
2019-07-01,Route 5 (SW),549136
2019-08-01,Route 5 (SW),618086
2019-09-01,Route 5 (SW),533484
2019-10-01,Route 5 (SW),534869
2019-11-01,Route 5 (SW),434846
2019-12-01,Route 5 (SW),428011
2020-01-01,Route 5 (SW),442733
2020-02-01,Route 5 (SW),404357
2020-03-01,Route 5 (SW),128826
2020-04-01,Route 5 (SW),164455
2020-05-01,Route 5 (SW),168577
2020-06-01,Route 5 (SW),154327
2020-07-01,Route 5 (SW),169474
2020-08-01,Route 5 (SW),167720
2020-09-01,Route 5 (SW),169642
2020-10-01,Route 5 (SW),238316
2020-11-01,Route 5 (SW),217392
2020-12-01,Route 5 (SW),200005
2021-01-01,Route 5 (SW),210240
2021-02-01,Route 5 (SW),226611
2021-03-01,Route 5 (SW),211676
2021-04-01,Route 5 (SW),380676
2021-05-01,Route 5 (SW),373554
2021-06-01,Route 5 (SW),376604
2021-07-01,Route 5 (SW),371563
2021-08-01,Route 5 (SW),372205
2021-09-01,Route 5 (SW),411036
2021-10-01,Route 5 (SW),439047
2021-11-01,Route 5 (SW),396577
2021-12-01,Route 5 (SW),383541
2022-01-01,Route 5 (SW),358655
2022-02-01,Route 5 (SW),389097
2022-03-01,Route 5 (SW),359738
2022-04-01,Route 5 (SW),433304
2022-05-01,Route 5 (SW),428414
2022-06-01,Route 5 (SW),446651
2022-07-01,Route 5 (SW),560574
2022-08-01,Route 5 (SW),522419
2022-09-01,Route 5 (SW),497373
2022-10-01,Route 5 (SW),484631
2022-11-01,Route 5 (SW),510617
2022-12-01,Route 5 (SW),409885
2023-01-01,Route 5 (SW),386937
2023-02-01,Route 5 (SW),461593
2023-03-01,Route 5 (SW),494856
2023-04-01,Route 5 (SW),488628
2023-05-01,Route 5 (SW),538193
2023-06-01,Route 5 (SW),586870
2023-07-01,Route 5 (SW),527602
2023-08-01,Route 5 (SW),621192
2023-09-01,Route 5 (SW),584331
2023-10-01,Route 5 (SW),480494
2023-11-01,Route 5 (SW),421601
2023-12-01,Route 5 (SW),477293
2024-01-01,Route 5 (SW),429235
2024-02-01,Route 5 (SW),442826
2024-03-01,Route 5 (SW),484352
2024-04-01,Route 5 (SW),516831
2024-05-01,Route 5 (SW),591316
2024-06-01,Route 5 (SW),621662
2024-07-01,Route 5 (SW),623865
2024-08-01,Route 5 (SW),586704
2024-09-01,Route 5 (SW),576173
2024-10-01,Route 5 (SW),523545
2024-11-01,Route 5 (SW),474649
2024-12-01,Route 5 (SW),407392
2019-01-01,Route 201 (CTrain Blue),647587
2019-02-01,Route 201 (CTrain Blue),715026
2019-03-01,Route 201 (CTrain Blue),682668
2019-04-01,Route 201 (CTrain Blue),825024
2019-05-01,Route 201 (CTrain Blue),877977
2019-06-01,Route 201 (CTrain Blue),801816
2019-07-01,Route 201 (CTrain Blue),794235
2019-08-01,Route 201 (CTrain Blue),785854
2019-09-01,Route 201 (CTrain Blue),734377
2019-10-01,Route 201 (CTrain Blue),694780
2019-11-01,Route 201 (CTrain Blue),725123
2019-12-01,Route 201 (CTrain Blue),601666
2020-01-01,Route 201 (CTrain Blue),619736
2020-02-01,Route 201 (CTrain Blue),703739
2020-03-01,Route 201 (CTrain Blue),189972
2020-04-01,Route 201 (CTrain Blue),241340
2020-05-01,Route 201 (CTrain Blue),233478
2020-06-01,Route 201 (CTrain Blue),237042
2020-07-01,Route 201 (CTrain Blue),271528
2020-08-01,Route 201 (CTrain Blue),263347
2020-09-01,Route 201 (CTrain Blue),262736
2020-10-01,Route 201 (CTrain Blue),396621
2020-11-01,Route 201 (CTrain Blue),371731
2020-12-01,Route 201 (CTrain Blue),315339
2021-01-01,Route 201 (CTrain Blue),301369
2021-02-01,Route 201 (CTrain Blue),346355
2021-03-01,Route 201 (CTrain Blue),372210
2021-04-01,Route 201 (CTrain Blue),582941
2021-05-01,Route 201 (CTrain Blue),560796
2021-06-01,Route 201 (CTrain Blue),584665
2021-07-01,Route 201 (CTrain Blue),644562
2021-08-01,Route 201 (CTrain Blue),581113
2021-09-01,Route 201 (CTrain Blue),620360
2021-10-01,Route 201 (CTrain Blue),691517
2021-11-01,Route 201 (CTrain Blue),588491
2021-12-01,Route 201 (CTrain Blue),589807
2022-01-01,Route 201 (CTrain Blue),576684
2022-02-01,Route 201 (CTrain Blue),517223
2022-03-01,Route 201 (CTrain Blue),645453
2022-04-01,Route 201 (CTrain Blue),646581
2022-05-01,Route 201 (CTrain Blue),739801
2022-06-01,Route 201 (CTrain Blue),703776
2022-07-01,Route 201 (CTrain Blue),943463
2022-08-01,Route 201 (CTrain Blue),840129
2022-09-01,Route 201 (CTrain Blue),737574
2022-10-01,Route 201 (CTrain Blue),822313
2022-11-01,Route 201 (CTrain Blue),646190
2022-12-01,Route 201 (CTrain Blue),638127
2023-01-01,Route 201 (CTrain Blue),705096
2023-02-01,Route 201 (CTrain Blue),721960
2023-03-01,Route 201 (CTrain Blue),714515
2023-04-01,Route 201 (CTrain Blue),781472
2023-05-01,Route 201 (CTrain Blue),810193
2023-06-01,Route 201 (CTrain Blue),824997
2023-07-01,Route 201 (CTrain Blue),846019
2023-08-01,Route 201 (CTrain Blue),890578
2023-09-01,Route 201 (CTrain Blue),860529
2023-10-01,Route 201 (CTrain Blue),806598
2023-11-01,Route 201 (CTrain Blue),745953
2023-12-01,Route 201 (CTrain Blue),609130
2024-01-01,Route 201 (CTrain Blue),647430
2024-02-01,Route 201 (CTrain Blue),604869
2024-03-01,Route 201 (CTrain Blue),712562
2024-04-01,Route 201 (CTrain Blue),753988
2024-05-01,Route 201 (CTrain Blue),883865
2024-06-01,Route 201 (CTrain Blue),836589
2024-07-01,Route 201 (CTrain Blue),810553
2024-08-01,Route 201 (CTrain Blue),800995
2024-09-01,Route 201 (CTrain Blue),863739
2024-10-01,Route 201 (CTrain Blue),781723
2024-11-01,Route 201 (CTrain Blue),650148
2024-12-01,Route 201 (CTrain Blue),609396
2019-01-01,Route 202 (CTrain Red),548669
2019-02-01,Route 202 (CTrain Red),582442
2019-03-01,Route 202 (CTrain Red),681924
2019-04-01,Route 202 (CTrain Red),635422
2019-05-01,Route 202 (CTrain Red),737110
2019-06-01,Route 202 (CTrain Red),731594
2019-07-01,Route 202 (CTrain Red),799495
2019-08-01,Route 202 (CTrain Red),829234
2019-09-01,Route 202 (CTrain Red),791608
2019-10-01,Route 202 (CTrain Red),648389
2019-11-01,Route 202 (CTrain Red),684840
2019-12-01,Route 202 (CTrain Red),606670
2020-01-01,Route 202 (CTrain Red),564625
2020-02-01,Route 202 (CTrain Red),620736
2020-03-01,Route 202 (CTrain Red),189391
2020-04-01,Route 202 (CTrain Red),200520
2020-05-01,Route 202 (CTrain Red),230051
2020-06-01,Route 202 (CTrain Red),220638
2020-07-01,Route 202 (CTrain Red),228455
2020-08-01,Route 202 (CTrain Red),229344
2020-09-01,Route 202 (CTrain Red),210241
2020-10-01,Route 202 (CTrain Red),336401
2020-11-01,Route 202 (CTrain Red),321773
2020-12-01,Route 202 (CTrain Red),312841
2021-01-01,Route 202 (CTrain Red),307197
2021-02-01,Route 202 (CTrain Red),317832
2021-03-01,Route 202 (CTrain Red),332951
2021-04-01,Route 202 (CTrain Red),497939
2021-05-01,Route 202 (CTrain Red),489541
2021-06-01,Route 202 (CTrain Red),532306
2021-07-01,Route 202 (CTrain Red),550431
2021-08-01,Route 202 (CTrain Red),498000
2021-09-01,Route 202 (CTrain Red),519945
2021-10-01,Route 202 (CTrain Red),576658
2021-11-01,Route 202 (CTrain Red),573030
2021-12-01,Route 202 (CTrain Red),556980
2022-01-01,Route 202 (CTrain Red),502294
2022-02-01,Route 202 (CTrain Red),490525
2022-03-01,Route 202 (CTrain Red),491353
2022-04-01,Route 202 (CTrain Red),634330
2022-05-01,Route 202 (CTrain Red),681322
2022-06-01,Route 202 (CTrain Red),628199
2022-07-01,Route 202 (CTrain Red),822353
2022-08-01,Route 202 (CTrain Red),711685
2022-09-01,Route 202 (CTrain Red),690654
2022-10-01,Route 202 (CTrain Red),649540
2022-11-01,Route 202 (CTrain Red),610823
2022-12-01,Route 202 (CTrain Red),658723
2023-01-01,Route 202 (CTrain Red),608612
2023-02-01,Route 202 (CTrain Red),585611
2023-03-01,Route 202 (CTrain Red),667647
2023-04-01,Route 202 (CTrain Red),746460
2023-05-01,Route 202 (CTrain Red),809015
2023-06-01,Route 202 (CTrain Red),710124
2023-07-01,Route 202 (CTrain Red),776266
2023-08-01,Route 202 (CTrain Red),717980
2023-09-01,Route 202 (CTrain Red),717154
2023-10-01,Route 202 (CTrain Red),644327
2023-11-01,Route 202 (CTrain Red),657015
2023-12-01,Route 202 (CTrain Red),587064
2024-01-01,Route 202 (CTrain Red),554958
2024-02-01,Route 202 (CTrain Red),572565
2024-03-01,Route 202 (CTrain Red),620849
2024-04-01,Route 202 (CTrain Red),657435
2024-05-01,Route 202 (CTrain Red),735561
2024-06-01,Route 202 (CTrain Red),707548
2024-07-01,Route 202 (CTrain Red),759572
2024-08-01,Route 202 (CTrain Red),766950
2024-09-01,Route 202 (CTrain Red),758274
2024-10-01,Route 202 (CTrain Red),659609
2024-11-01,Route 202 (CTrain Red),592619
2024-12-01,Route 202 (CTrain Red),550677
2019-01-01,Route 301 (BRT),452727
2019-02-01,Route 301 (BRT),444451
2019-03-01,Route 301 (BRT),462413
2019-04-01,Route 301 (BRT),480907
2019-05-01,Route 301 (BRT),571149
2019-06-01,Route 301 (BRT),593053
2019-07-01,Route 301 (BRT),511353
2019-08-01,Route 301 (BRT),500418
2019-09-01,Route 301 (BRT),513013
2019-10-01,Route 301 (BRT),519788
2019-11-01,Route 301 (BRT),496888
2019-12-01,Route 301 (BRT),396178
2020-01-01,Route 301 (BRT),424027
2020-02-01,Route 301 (BRT),415954
2020-03-01,Route 301 (BRT),148693
2020-04-01,Route 301 (BRT),157020
2020-05-01,Route 301 (BRT),168704
2020-06-01,Route 301 (BRT),165071
2020-07-01,Route 301 (BRT),166212
2020-08-01,Route 301 (BRT),158636
2020-09-01,Route 301 (BRT),144089
2020-10-01,Route 301 (BRT),263070
2020-11-01,Route 301 (BRT),241030
2020-12-01,Route 301 (BRT),234735
2021-01-01,Route 301 (BRT),229223
2021-02-01,Route 301 (BRT),215845
2021-03-01,Route 301 (BRT),239195
2021-04-01,Route 301 (BRT),374165
2021-05-01,Route 301 (BRT),395266
2021-06-01,Route 301 (BRT),368741
2021-07-01,Route 301 (BRT),391427
2021-08-01,Route 301 (BRT),359681
2021-09-01,Route 301 (BRT),403250
2021-10-01,Route 301 (BRT),426515
2021-11-01,Route 301 (BRT),365418
2021-12-01,Route 301 (BRT),375996
2022-01-01,Route 301 (BRT),363569
2022-02-01,Route 301 (BRT),353321
2022-03-01,Route 301 (BRT),356758
2022-04-01,Route 301 (BRT),432406
2022-05-01,Route 301 (BRT),451314
2022-06-01,Route 301 (BRT),498261
2022-07-01,Route 301 (BRT),568174
2022-08-01,Route 301 (BRT),595266
2022-09-01,Route 301 (BRT),534658
2022-10-01,Route 301 (BRT),498326
2022-11-01,Route 301 (BRT),489790
2022-12-01,Route 301 (BRT),420241
2023-01-01,Route 301 (BRT),388040
2023-02-01,Route 301 (BRT),388259
2023-03-01,Route 301 (BRT),479033
2023-04-01,Route 301 (BRT),504671
2023-05-01,Route 301 (BRT),551488
2023-06-01,Route 301 (BRT),525040
2023-07-01,Route 301 (BRT),525779
2023-08-01,Route 301 (BRT),503102
2023-09-01,Route 301 (BRT),514371
2023-10-01,Route 301 (BRT),502175
2023-11-01,Route 301 (BRT),446547
2023-12-01,Route 301 (BRT),423994
2024-01-01,Route 301 (BRT),453428
2024-02-01,Route 301 (BRT),416473
2024-03-01,Route 301 (BRT),457960
2024-04-01,Route 301 (BRT),521807
2024-05-01,Route 301 (BRT),519929
2024-06-01,Route 301 (BRT),571752
2024-07-01,Route 301 (BRT),609318
2024-08-01,Route 301 (BRT),608503
2024-09-01,Route 301 (BRT),493769
2024-10-01,Route 301 (BRT),536455
2024-11-01,Route 301 (BRT),456568
2024-12-01,Route 301 (BRT),409415
2019-01-01,Route 302 (MAX),135943
2019-02-01,Route 302 (MAX),156784
2019-03-01,Route 302 (MAX),157802
2019-04-01,Route 302 (MAX),165759
2019-05-01,Route 302 (MAX),192243
2019-06-01,Route 302 (MAX),192623
2019-07-01,Route 302 (MAX),204007
2019-08-01,Route 302 (MAX),197406
2019-09-01,Route 302 (MAX),192566
2019-10-01,Route 302 (MAX),172661
2019-11-01,Route 302 (MAX),169432
2019-12-01,Route 302 (MAX),143527
2020-01-01,Route 302 (MAX),155711
2020-02-01,Route 302 (MAX),150681
2020-03-01,Route 302 (MAX),52591
2020-04-01,Route 302 (MAX),53066
2020-05-01,Route 302 (MAX),62264
2020-06-01,Route 302 (MAX),61016
2020-07-01,Route 302 (MAX),57509
2020-08-01,Route 302 (MAX),63667
2020-09-01,Route 302 (MAX),55157
2020-10-01,Route 302 (MAX),85573
2020-11-01,Route 302 (MAX),74011
2020-12-01,Route 302 (MAX),77571
2021-01-01,Route 302 (MAX),75578
2021-02-01,Route 302 (MAX),74635
2021-03-01,Route 302 (MAX),88153
2021-04-01,Route 302 (MAX),114507
2021-05-01,Route 302 (MAX),128471
2021-06-01,Route 302 (MAX),134817
2021-07-01,Route 302 (MAX),130711
2021-08-01,Route 302 (MAX),139325
2021-09-01,Route 302 (MAX),138077
2021-10-01,Route 302 (MAX),150697
2021-11-01,Route 302 (MAX),129551
2021-12-01,Route 302 (MAX),127648
2022-01-01,Route 302 (MAX),115139
2022-02-01,Route 302 (MAX),140546
2022-03-01,Route 302 (MAX),127619
2022-04-01,Route 302 (MAX),153424
2022-05-01,Route 302 (MAX),177545
2022-06-01,Route 302 (MAX),171347
2022-07-01,Route 302 (MAX),220989
2022-08-01,Route 302 (MAX),189621
2022-09-01,Route 302 (MAX),200395
2022-10-01,Route 302 (MAX),178338
2022-11-01,Route 302 (MAX),171197
2022-12-01,Route 302 (MAX),140756
2023-01-01,Route 302 (MAX),140102
2023-02-01,Route 302 (MAX),142988
2023-03-01,Route 302 (MAX),170214
2023-04-01,Route 302 (MAX),189627
2023-05-01,Route 302 (MAX),200265
2023-06-01,Route 302 (MAX),181688
2023-07-01,Route 302 (MAX),219108
2023-08-01,Route 302 (MAX),194733
2023-09-01,Route 302 (MAX),186944
2023-10-01,Route 302 (MAX),163548
2023-11-01,Route 302 (MAX),172092
2023-12-01,Route 302 (MAX),144743
2024-01-01,Route 302 (MAX),152952
2024-02-01,Route 302 (MAX),165152
2024-03-01,Route 302 (MAX),150892
2024-04-01,Route 302 (MAX),179015
2024-05-01,Route 302 (MAX),180924
2024-06-01,Route 302 (MAX),194605
2024-07-01,Route 302 (MAX),203458
2024-08-01,Route 302 (MAX),195158
2024-09-01,Route 302 (MAX),196941
2024-10-01,Route 302 (MAX),177208
2024-11-01,Route 302 (MAX),167389
2024-12-01,Route 302 (MAX),162207
2019-01-01,Route 303 (MAX),56098
2019-02-01,Route 303 (MAX),53998
2019-03-01,Route 303 (MAX),53874
2019-04-01,Route 303 (MAX),60219
2019-05-01,Route 303 (MAX),65819
2019-06-01,Route 303 (MAX),73217
2019-07-01,Route 303 (MAX),73443
2019-08-01,Route 303 (MAX),69116
2019-09-01,Route 303 (MAX),74307
2019-10-01,Route 303 (MAX),64336
2019-11-01,Route 303 (MAX),55225
2019-12-01,Route 303 (MAX),50470
2020-01-01,Route 303 (MAX),49860
2020-02-01,Route 303 (MAX),52069
2020-03-01,Route 303 (MAX),16310
2020-04-01,Route 303 (MAX),17734
2020-05-01,Route 303 (MAX),19468
2020-06-01,Route 303 (MAX),19988
2020-07-01,Route 303 (MAX),23496
2020-08-01,Route 303 (MAX),19596
2020-09-01,Route 303 (MAX),20455
2020-10-01,Route 303 (MAX),30999
2020-11-01,Route 303 (MAX),32020
2020-12-01,Route 303 (MAX),25342
2021-01-01,Route 303 (MAX),26295
2021-02-01,Route 303 (MAX),30063
2021-03-01,Route 303 (MAX),31357
2021-04-01,Route 303 (MAX),47040
2021-05-01,Route 303 (MAX),45257
2021-06-01,Route 303 (MAX),46707
2021-07-01,Route 303 (MAX),52612
2021-08-01,Route 303 (MAX),54309
2021-09-01,Route 303 (MAX),48132
2021-10-01,Route 303 (MAX),54537
2021-11-01,Route 303 (MAX),47554
2021-12-01,Route 303 (MAX),49320
2022-01-01,Route 303 (MAX),42863
2022-02-01,Route 303 (MAX),45163
2022-03-01,Route 303 (MAX),49033
2022-04-01,Route 303 (MAX),53902
2022-05-01,Route 303 (MAX),54885
2022-06-01,Route 303 (MAX),56146
2022-07-01,Route 303 (MAX),74464
2022-08-01,Route 303 (MAX),68565
2022-09-01,Route 303 (MAX),69231
2022-10-01,Route 303 (MAX),59000
2022-11-01,Route 303 (MAX),58416
2022-12-01,Route 303 (MAX),55526
2023-01-01,Route 303 (MAX),49070
2023-02-01,Route 303 (MAX),53381
2023-03-01,Route 303 (MAX),54386
2023-04-01,Route 303 (MAX),57904
2023-05-01,Route 303 (MAX),74898
2023-06-01,Route 303 (MAX),69162
2023-07-01,Route 303 (MAX),77521
2023-08-01,Route 303 (MAX),68213
2023-09-01,Route 303 (MAX),70737
2023-10-01,Route 303 (MAX),66813
2023-11-01,Route 303 (MAX),59878
2023-12-01,Route 303 (MAX),54961
2024-01-01,Route 303 (MAX),53056
2024-02-01,Route 303 (MAX),53623
2024-03-01,Route 303 (MAX),63843
2024-04-01,Route 303 (MAX),67774
2024-05-01,Route 303 (MAX),74706
2024-06-01,Route 303 (MAX),66453
2024-07-01,Route 303 (MAX),76519
2024-08-01,Route 303 (MAX),78177
2024-09-01,Route 303 (MAX),64034
2024-10-01,Route 303 (MAX),58116
2024-11-01,Route 303 (MAX),61710
2024-12-01,Route 303 (MAX),56210
